{
	"pages": [{
		"path": "pages/index/index",
		"style": {
		}
	}    ,{
            "path" : "my-components/search-button/searchbutton",
            "style" : {}
        }
        ,{
            "path" : "pages/search/search",
            "style" : {}
        }
        ,{
            "path" : "pages/myhome/myhome",
            "style" : {}
        }
        ,{
            "path" : "pages/qiandao/qiandao",
            "style" : {}
        }
        ,{
            "path" : "pages/skinchange/skinchange",
            "style" : {}
        }
        ,{
            "path" : "pages/shibie/shibie",
            "style" : {}
        }
        ,{
            "path" : "pages/zhishiwenda/zhishiwenda",
            "style" : {}
        }
        ,{
            "path" : "pages/rank/rank",
            "style" : {}
        }
        ,{
            "path" : "pages/fenleikoujue/fenleikoujue",
            "style" : {}
        }
        ,{
            "path" : "pages/zixun/zixun",
            "style" : {}
        }
		
        ,{
            "path" : "pages/newdetail/newdetail",
            "style" : {}
        }
        ,{
            "path" : "pages/shequ/index/index",
            "style" : {}
        }
        ,{
            "path" : "pages/zixundetail/index/index",
            "style" : {}
        },
		{
		    "path" : "pages/enter/index",
		    "style" : {}
		}
        ,{
            "path" : "pages/shequ/fabu",
            "style" : {}
        }
        ,{
            "path" : "pages/shequ/dongtai",
            "style" : {}
        }
        ,{
            "path" : "pages/dizhi/index",
            "style" :                                                                                    
            {
                "navigationBarTitleText": "",
                "enablePullDownRefresh": false
            }
            
        }
        ,{
            "path" : "pages/huishou/index",
            "style" :                                                                                    
            {
                "navigationBarTitleText": "",
                "enablePullDownRefresh": false
            }
            
        }
        ,{
            "path" : "pages/yuyue/index",
            "style" :                                                                                    
            {
                "navigationBarTitleText": "",
                "enablePullDownRefresh": false
            }
            
        }
        ,{
            "path" : "pages/shangcheng/index",
            "style" :                                                                                    
            {
                "navigationBarTitleText": "",
                "enablePullDownRefresh": false
            }
            
        }
        ,{
            "path" : "pages/shangcheng/xiangqing",
            "style" :                                                                                    
            {
                "navigationBarTitleText": "",
                "enablePullDownRefresh": false
            }
            
        }
        ,{
            "path" : "pages/dingdan/index",
            "style" :                                                                                    
            {
                "navigationBarTitleText": "",
                "enablePullDownRefresh": false
            }
            
        }
        ,{
            "path" : "pages/jiesuan/index",
            "style" :                                                                                    
            {
                "navigationBarTitleText": "",
                "enablePullDownRefresh": false
            }
            
        }
        ,{
            "path" : "pages/gouwuche/index",
            "style" :                                                                                    
            {
                "navigationBarTitleText": "",
                "enablePullDownRefresh": false
            }
            
        }
        ,{
            "path" : "pages/jifen/index",
            "style" :                                                                                    
            {
                "navigationBarTitleText": "",
                "enablePullDownRefresh": false
            }
            
        }
        ,{
            "path" : "pages/dingdan/detail",
            "style" :                                                                                    
            {
                "navigationBarTitleText": "",
                "enablePullDownRefresh": false
            }
            
        }
        ,{
            "path" : "pages/we/we",
            "style" :                                                                                    
            {
                "navigationBarTitleText": "",
                "enablePullDownRefresh": false
            }
            
        }
        ,{
            "path" : "pages/home/home",
            "style" :                                                                                    
            {
                "navigationBarTitleText": "",
                "enablePullDownRefresh": false
            }
            
        }
    ],
	"globalStyle": {
		"navigationBarTextStyle": "black",
		"navigationStyle":"custom",
		"backgroundColor": "#0062CC"
	}
}
